Tanggal,Terakhir,Pembukaan,Tertinggi,Terendah,"Vol,",Perubahan%
15/05/2023,"14,802.30","14,790.00","14,824.50","14,787.60",0.22K,0.39%
12/5/2023,"14,745.00","14,765.00","14,772.00","14,735.00",0.19K,0.17%
11/5/2023,"14,720.00","14,710.00","14,745.00","14,696.00",0.17K,0.00%
10/5/2023,"14,720.00","14,752.50","14,760.00","14,725.00",0.22K,-0.03%
9/5/2023,"14,725.00","14,750.00","14,772.50","14,730.00",0.17K,0.20%
8/5/2023,"14,695.00","14,670.00","14,721.50","14,665.00",0.14K,0.17%
5/5/2023,"14,670.00","14,680.00","14,691.50","14,650.00",0.14K,-0.03%
4/5/2023,"14,675.00","14,615.00","14,690.00","14,565.00",0.20K,-0.03%
3/5/2023,"14,680.00","14,707.50","14,722.50","14,684.00",0.14K,-0.14%
2/5/2023,"14,700.00","14,645.00","14,712.50","14,645.00",0.16K,0.24%
28/04/2023,"14,665.00","14,675.00","14,691.00","14,627.50",0.17K,-0.24%
27/04/2023,"14,700.00","14,830.00","14,832.50","14,690.00",0.24K,-0.88%
26/04/2023,"14,830.00","14,895.00","14,935.00","14,820.00",0.19K,-0.07%
18/04/2023,"14,840.00","14,815.00","14,867.50","14,810.00",0.13K,0.37%
17/04/2023,"14,785.00","14,755.00","14,794.00","14,741.00",0.16K,0.61%
14/04/2023,"14,695.00","14,695.00","14,705.00","14,645.00",0.16K,-0.37%
13/04/2023,"14,750.00","14,840.00","14,847.50","14,744.50",0.19K,-0.84%
12/4/2023,"14,875.00","14,887.50","14,907.50","14,837.50",0.20K,-0.04%
11/4/2023,"14,881.00","14,935.00","14,935.00","14,870.00",0.17K,-0.12%
10/4/2023,"14,899.00","14,910.00","14,937.50","14,888.50",0.17K,-0.07%
6/4/2023,"14,910.00","14,965.00","14,972.50","14,912.50",0.17K,-0.07%
5/4/2023,"14,920.00","14,922.50","14,952.50","14,900.00",0.15K,0.17%
4/4/2023,"14,895.00","14,955.00","14,955.00","14,880.00",0.18K,-0.47%
3/4/2023,"14,965.00","15,000.00","15,012.50","14,968.00",0.15K,-0.17%
31/03/2023,"14,990.00","14,980.00","14,995.00","14,950.00",0.15K,-0.37%
30/03/2023,"15,045.00","15,075.00","15,087.50","15,044.00",0.13K,-0.10%
29/03/2023,"15,060.00","15,075.00","15,107.50","15,062.50",0.22K,-0.17%
28/03/2023,"15,085.00","15,120.00","15,125.00","15,065.00",0.19K,-0.46%
27/03/2023,"15,155.00","15,190.00","15,192.50","15,156.00",0.13K,0.03%
24/03/2023,"15,150.00","15,165.00","15,207.50","15,145.00",0.14K,-1.24%
21/03/2023,"15,340.00","15,345.00","15,360.00","15,334.00",0.14K,-0.10%
20/03/2023,"15,355.00","15,365.00","15,380.00","15,355.00",0.11K,0.10%
17/03/2023,"15,340.00","15,387.50","15,392.50","15,345.00",0.14K,-0.23%
16/03/2023,"15,375.00","15,420.00","15,455.00","15,376.00",0.15K,0.10%
15/03/2023,"15,360.00","15,370.00","15,380.00","15,335.00",0.17K,-0.13%
14/03/2023,"15,380.00","15,385.00","15,405.00","15,361.50",0.20K,0.13%
13/03/2023,"15,360.00","15,445.00","15,452.50","15,357.50",0.15K,-0.55%
10/3/2023,"15,445.00","15,475.00","15,480.00","15,450.00",0.11K,0.16%
9/3/2023,"15,420.00","15,445.00","15,457.50","15,422.50",0.18K,-0.06%
8/3/2023,"15,430.00","15,425.00","15,467.50","15,389.50",0.18K,0.55%
7/3/2023,"15,345.00","15,350.00","15,367.50","15,330.00",0.14K,0.36%
6/3/2023,"15,290.00","15,315.00","15,320.00","15,285.00",0.13K,-0.03%
3/3/2023,"15,295.00","15,300.00","15,321.50","15,282.50",0.12K,0.13%
2/3/2023,"15,275.00","15,265.00","15,286.00","15,249.00",0.14K,0.30%
1/3/2023,"15,230.00","15,240.00","15,265.00","15,228.50",0.16K,-0.10%
28/02/2023,"15,245.00","15,230.00","15,295.00","15,225.00",0.14K,-0.13%
27/02/2023,"15,265.00","15,260.00","15,287.50","15,245.00",0.15K,0.30%
24/02/2023,"15,220.00","15,205.00","15,225.00","15,193.00",0.14K,0.23%
23/02/2023,"15,185.00","15,175.00","15,196.00","15,164.00",0.17K,-0.10%
22/02/2023,"15,200.00","15,210.00","15,229.00","15,201.50",0.14K,0.10%
21/02/2023,"15,185.00","15,162.50","15,193.50","15,160.00",0.14K,0.20%
20/02/2023,"15,155.00","15,197.50","15,200.00","15,154.50",0.16K,-0.30%
17/02/2023,"15,200.00","15,177.50","15,217.50","15,172.00",0.17K,0.31%
16/02/2023,"15,153.00","15,210.00","15,210.00","15,150.00",0.16K,-0.31%
15/02/2023,"15,200.00","15,167.50","15,207.50","15,157.00",0.13K,0.30%
14/02/2023,"15,155.00","15,175.00","15,197.50","15,151.50",0.18K,-0.23%
13/02/2023,"15,190.00","15,170.00","15,227.50","15,170.00",0.14K,0.40%
10/2/2023,"15,130.00","15,117.50","15,147.50","15,114.00",0.16K,0.27%
9/2/2023,"15,090.00","15,115.00","15,130.00","15,094.50",0.20K,-0.03%
8/2/2023,"15,095.00","15,145.00","15,152.50","15,098.50",0.18K,-0.30%
7/2/2023,"15,140.00","15,142.50","15,153.00","15,121.50",0.13K,0.60%
6/2/2023,"15,050.00","15,005.00","15,072.50","15,005.00",0.16K,1.07%
3/2/2023,"14,890.00","14,905.00","14,922.50","14,876.50",0.16K,0.10%
2/2/2023,"14,875.00","14,875.00","14,887.50","14,835.00",0.12K,-0.63%
1/2/2023,"14,970.00","15,000.00","15,007.50","14,966.00",0.23K,-0.10%
31/01/2023,"14,985.00","15,000.00","15,005.00","14,971.50",0.20K,0.13%
30/01/2023,"14,965.00","14,972.50","14,989.00","14,954.50",0.17K,-0.10%
27/01/2023,"14,980.00","14,970.00","14,996.00","14,953.50",0.13K,0.23%
26/01/2023,"14,945.00","14,965.00","14,987.50","14,920.00",0.16K,-0.10%
25/01/2023,"14,960.00","14,925.00","14,975.00","14,915.00",0.16K,0.50%
24/01/2023,"14,885.00","15,035.00","15,045.00","14,884.00",0.17K,-1.23%
20/01/2023,"15,070.00","15,120.00","15,155.00","15,075.00",0.20K,-0.20%
19/01/2023,"15,100.00","15,135.00","15,145.00","15,089.00",0.16K,0.10%
18/01/2023,"15,085.00","15,200.00","15,207.50","15,070.00",0.20K,-0.49%
17/01/2023,"15,160.00","15,125.00","15,180.00","15,027.50",0.19K,0.80%
16/01/2023,"15,040.00","15,080.00","15,080.00","14,981.50",0.15K,-0.66%
13/01/2023,"15,140.00","15,210.00","15,237.50","15,135.50",0.16K,-1.28%
12/1/2023,"15,336.00","15,470.00","15,470.00","15,290.00",0.18K,-0.93%
11/1/2023,"15,480.00","15,565.00","15,575.00","15,470.00",0.26K,-0.58%
10/1/2023,"15,570.00","15,574.00","15,598.50","15,547.50",0.15K,0.03%
9/1/2023,"15,565.00","15,580.00","15,590.00","15,555.00",0.16K,-0.42%
6/1/2023,"15,630.00","15,635.00","15,643.00","15,603.50",0.16K,0.16%
5/1/2023,"15,605.00","15,580.00","15,622.50","15,565.00",0.18K,0.13%
4/1/2023,"15,585.00","15,612.50","15,633.00","15,580.00",0.19K,-0.06%
3/1/2023,"15,595.00","15,595.00","15,612.50","15,550.00",0.17K,0.16%
2/1/2023,"15,570.00","15,490.00","15,583.50","15,490.00",0.12K,0.03%
30/12/2022,"15,565.00","15,637.50","15,655.00","15,545.00",0.14K,-0.57%
29/12/2022,"15,655.00","15,745.00","15,765.00","15,657.50",0.14K,-0.29%
28/12/2022,"15,700.00","15,657.50","15,722.50","15,657.50",0.09K,0.26%
27/12/2022,"15,660.00","15,622.50","15,672.50","15,592.50",0.08K,0.19%
26/12/2022,"15,630.00","15,592.50","15,647.50","15,592.50",0.11K,0.26%
23/12/2022,"15,590.00","15,582.50","15,612.50","15,582.50",0.07K,0.06%
22/12/2022,"15,580.00","15,577.50","15,607.50","15,565.00",0.11K,-0.03%
21/12/2022,"15,585.00","15,592.50","15,612.50","15,582.50",0.09K,-0.10%
20/12/2022,"15,600.00","15,585.00","15,630.00","15,575.00",0.14K,0.03%
19/12/2022,"15,595.00","15,615.00","15,631.00","15,597.50",0.11K,0.00%
16/12/2022,"15,595.00","15,622.50","15,642.00","15,570.00",0.17K,-0.13%
15/12/2022,"15,615.00","15,607.50","15,642.50","15,582.50",0.17K,0.16%
14/12/2022,"15,590.00","15,557.50","15,647.50","15,555.00",0.17K,-0.42%
13/12/2022,"15,655.00","15,655.00","15,673.50","15,636.50",0.16K,0.19%
12/12/2022,"15,625.00","15,592.50","15,652.50","15,587.50",0.09K,0.28%
9/12/2022,"15,582.00","15,575.00","15,597.50","15,564.50",0.17K,-0.24%
8/12/2022,"15,620.00","15,615.00","15,636.50","15,585.00",0.12K,-0.10%
7/12/2022,"15,635.00","15,615.00","15,644.50","15,587.50",0.11K,0.13%
6/12/2022,"15,615.00","15,510.00","15,629.00","15,480.00",0.17K,0.97%
5/12/2022,"15,465.00","15,375.00","15,475.00","15,365.00",0.14K,0.26%
2/12/2022,"15,425.00","15,450.00","15,470.00","15,405.00",0.15K,-0.87%
1/12/2022,"15,560.00","15,622.50","15,642.50","15,545.00",0.14K,-1.08%
30/11/2022,"15,730.00","15,735.00","15,749.00","15,725.00",0.20K,-0.06%
29/11/2022,"15,740.00","15,722.50","15,748.00","15,707.00",0.14K,0.13%
28/11/2022,"15,720.00","15,692.50","15,737.50","15,685.00",0.17K,0.32%
25/11/2022,"15,670.00","15,645.00","15,681.00","15,632.50",0.15K,0.04%
24/11/2022,"15,663.00","15,640.00","15,667.50","15,635.00",0.18K,-0.14%
23/11/2022,"15,685.00","15,692.50","15,709.50","15,684.00",0.14K,-0.06%
22/11/2022,"15,695.00","15,710.00","15,727.50","15,694.50",0.16K,-0.10%
21/11/2022,"15,710.00","15,690.00","15,717.50","15,682.50",0.11K,0.16%
18/11/2022,"15,685.00","15,670.00","15,697.50","15,670.00",0.14K,0.16%
17/11/2022,"15,660.00","15,660.00","15,705.00","15,642.50",0.19K,0.38%
16/11/2022,"15,600.00","15,570.00","15,628.50","15,565.00",0.19K,0.42%
15/11/2022,"15,535.00","15,530.00","15,622.50","15,525.00",0.19K,0.13%
14/11/2022,"15,515.00","15,465.00","15,527.50","15,462.50",0.13K,0.16%
11/11/2022,"15,490.00","15,560.00","15,565.00","15,392.50",0.15K,-1.27%
10/11/2022,"15,690.00","15,677.50","15,712.50","15,677.50",0.13K,0.20%
9/11/2022,"15,658.00","15,662.50","15,672.50","15,632.50",0.16K,-0.24%
8/11/2022,"15,695.00","15,670.00","15,702.50","15,667.50",0.13K,-0.06%
7/11/2022,"15,705.00","15,662.50","15,710.00","15,660.00",0.12K,-0.19%
4/11/2022,"15,735.00","15,750.00","15,760.00","15,715.00",0.18K,0.25%
3/11/2022,"15,695.00","15,655.00","15,698.50","15,645.00",0.15K,0.32%
2/11/2022,"15,645.00","15,660.50","15,671.50","15,630.00",0.17K,0.13%
1/11/2022,"15,625.00","15,630.00","15,661.50","15,553.50",0.15K,0.19%
31/10/2022,"15,595.00","15,577.50","15,612.50","15,562.50",0.15K,0.30%
28/10/2022,"15,548.00","15,567.50","15,567.50","15,520.00",0.12K,-0.11%
27/10/2022,"15,565.00","15,550.00","15,627.50","15,535.00",0.16K,-0.03%
26/10/2022,"15,569.00","15,600.00","15,619.00","15,560.00",0.17K,-0.33%
25/10/2022,"15,620.00","15,590.00","15,623.00","15,590.00",0.14K,0.22%
24/10/2022,"15,585.00","15,575.00","15,607.50","15,562.50",0.18K,-0.29%
21/10/2022,"15,630.00","15,580.00","15,635.50","15,577.50",0.21K,0.39%
20/10/2022,"15,570.00","15,545.00","15,587.50","15,476.50",0.23K,0.48%
19/10/2022,"15,495.00","15,475.00","15,503.00","15,465.00",0.16K,0.19%
18/10/2022,"15,465.00","15,470.00","15,485.00","15,447.50",0.19K,-0.13%
17/10/2022,"15,485.00","15,467.50","15,496.50","15,459.50",0.17K,0.39%
14/10/2022,"15,425.00","15,365.00","15,426.50","15,362.50",0.17K,0.42%
13/10/2022,"15,360.00","15,352.50","15,367.50","15,342.00",0.15K,0.03%
12/10/2022,"15,355.00","15,364.00","15,390.00","15,355.50",0.19K,0.00%
11/10/2022,"15,355.00","15,330.00","15,372.50","15,330.00",0.18K,0.29%
10/10/2022,"15,310.00","15,275.00","15,315.00","15,270.00",0.21K,0.39%
7/10/2022,"15,250.00","15,222.50","15,262.50","15,220.50",0.21K,0.43%
6/10/2022,"15,185.00","15,205.00","15,211.00","15,183.50",0.19K,-0.03%
5/10/2022,"15,190.00","15,182.50","15,220.00","15,156.50",0.25K,-0.36%
4/10/2022,"15,245.00","15,282.50","15,312.50","15,237.50",0.15K,-0.36%
3/10/2022,"15,300.00","15,245.00","15,307.50","15,245.00",0.14K,0.49%
30/09/2022,"15,225.00","15,190.00","15,247.50","15,180.00",0.18K,-0.23%
29/09/2022,"15,260.00","15,220.00","15,280.00","15,212.50",0.21K,0.00%
28/09/2022,"15,260.00","15,160.00","15,276.50","15,160.00",0.15K,0.93%
27/09/2022,"15,120.00","15,135.00","15,172.00","15,122.50",0.18K,-0.03%
26/09/2022,"15,125.00","15,060.00","15,132.50","15,060.00",0.12K,0.60%
23/09/2022,"15,035.00","15,010.00","15,043.50","15,010.00",0.11K,0.13%
22/09/2022,"15,015.00","15,007.50","15,042.50","15,007.50",0.14K,0.13%
21/09/2022,"14,995.00","15,017.50","15,024.00","14,997.50",0.18K,0.10%
20/09/2022,"14,980.00","14,980.00","14,990.00","14,964.00",0.19K,0.03%
19/09/2022,"14,975.00","14,970.00","14,989.00","14,960.00",0.18K,0.17%
16/09/2022,"14,950.00","14,930.00","14,962.50","14,921.50",0.21K,0.37%
15/09/2022,"14,895.00","14,910.00","14,912.50","14,877.50",0.18K,-0.07%
14/09/2022,"14,905.00","14,935.00","14,944.00","14,874.00",0.27K,0.37%
13/09/2022,"14,850.00","14,852.50","14,876.00","14,846.00",0.21K,0.07%
12/9/2022,"14,840.00","14,822.50","14,846.50","14,815.00",0.17K,0.08%
9/9/2022,"14,828.00","14,875.00","14,885.00","14,817.50",0.19K,-0.45%
8/9/2022,"14,895.00","14,897.50","14,915.00","14,893.50",0.16K,-0.13%
7/9/2022,"14,915.00","14,912.50","14,936.50","14,825.00",0.20K,0.20%
6/9/2022,"14,885.00","14,887.50","14,897.50","14,869.50",0.17K,-0.10%
5/9/2022,"14,900.00","14,885.00","14,932.50","14,885.00",0.18K,0.03%
2/9/2022,"14,895.00","14,897.50","14,907.50","14,872.50",0.14K,0.10%
1/9/2022,"14,880.00","14,865.00","14,892.50","14,865.00",0.14K,0.27%
31/08/2022,"14,840.00","14,847.50","14,862.50","14,837.50",0.16K,0.00%
30/08/2022,"14,840.00","14,887.50","14,896.00","14,840.00",0.17K,-0.37%
29/08/2022,"14,895.00","14,865.00","14,902.50","14,840.00",0.13K,0.54%
26/08/2022,"14,815.00","14,797.50","14,829.00","14,797.00",0.17K,-0.03%
25/08/2022,"14,820.00","14,827.50","14,837.50","14,815.00",0.15K,-0.17%
24/08/2022,"14,845.00","14,847.50","14,872.50","14,822.00",0.15K,0.07%
23/08/2022,"14,835.00","14,897.50","14,921.50","14,825.00",0.13K,-0.34%
22/08/2022,"14,885.00","14,875.00","14,895.00","14,860.00",0.13K,0.34%
19/08/2022,"14,835.00","14,860.00","14,875.00","14,837.50",0.17K,0.03%
18/08/2022,"14,830.00","14,777.50","14,844.00","14,777.50",0.16K,0.44%
16/08/2022,"14,765.00","14,775.00","14,782.50","14,751.50",0.15K,0.17%
15/08/2022,"14,740.00","14,685.00","14,744.00","14,685.00",0.16K,0.51%
12/8/2022,"14,665.00","14,745.00","14,755.00","14,659.00",0.14K,-0.68%
11/8/2022,"14,765.00","14,815.00","14,869.50","14,760.00",0.18K,-0.71%
10/8/2022,"14,870.00","14,867.50","14,880.50","14,865.00",0.12K,0.13%
9/8/2022,"14,850.00","14,865.00","14,876.00","14,847.50",0.22K,-0.17%
8/8/2022,"14,875.00","14,922.50","14,940.00","14,877.50",0.17K,-0.10%
5/8/2022,"14,890.00","14,885.00","14,920.00","14,877.50",0.14K,-0.27%
4/8/2022,"14,930.00","14,910.00","14,939.00","14,897.50",0.16K,0.13%
3/8/2022,"14,910.00","14,910.00","14,925.00","14,890.00",0.17K,0.13%
2/8/2022,"14,890.00","14,865.00","14,992.50","14,862.50",0.19K,0.13%
1/8/2022,"14,870.00","14,850.00","14,887.50","14,847.00",0.13K,0.27%
29/07/2022,"14,830.00","14,855.00","14,887.50","14,830.00",0.16K,-0.67%
28/07/2022,"14,930.00","14,937.50","14,977.50","14,917.50",0.18K,-0.53%
27/07/2022,"15,010.00","14,997.00","15,025.00","14,919.00",0.15K,0.10%
26/07/2022,"14,995.00","14,957.50","15,002.50","14,940.00",0.10K,0.00%
25/07/2022,"14,995.00","15,000.00","15,010.00","14,967.50",0.12K,-0.13%
22/07/2022,"15,015.00","15,030.00","15,037.50","15,007.50",0.14K,-0.10%
21/07/2022,"15,030.00","14,990.00","15,036.50","14,990.00",0.19K,0.30%
20/07/2022,"14,985.00","14,977.50","14,992.00","14,970.00",0.10K,0.07%
19/07/2022,"14,975.00","14,982.50","14,996.50","14,977.00",0.14K,-0.05%
18/07/2022,"14,982.00","14,974.50","14,995.00","14,950.00",0.15K,-0.05%
15/07/2022,"14,990.00","14,994.50","14,998.00","14,977.50",0.08K,0.00%
14/07/2022,"14,990.00","14,994.50","14,998.00","14,986.50",0.14K,0.03%
13/07/2022,"14,985.00","14,975.00","14,996.50","14,966.50",0.13K,0.00%
12/7/2022,"14,985.00","14,982.50","14,996.00","14,976.00",0.14K,0.10%
11/7/2022,"14,970.00","14,982.50","14,982.50","14,951.50",0.14K,-0.03%
8/7/2022,"14,975.00","14,985.00","14,988.50","14,957.50",0.20K,-0.13%
7/7/2022,"14,995.00","14,982.50","14,996.00","14,965.00",0.19K,0.00%
6/7/2022,"14,995.00","15,017.50","15,032.50","14,988.00",0.17K,0.07%
5/7/2022,"14,985.00","14,975.00","14,995.00","14,962.50",0.15K,0.13%
4/7/2022,"14,965.00","14,945.00","14,971.50","14,927.00",0.14K,0.20%
1/7/2022,"14,935.00","14,925.00","14,972.50","14,862.50",0.15K,0.27%
30/06/2022,"14,895.00","14,860.00","14,897.50","14,830.00",0.19K,0.31%
29/06/2022,"14,849.00","14,850.00","14,856.00","14,820.00",0.16K,0.09%
28/06/2022,"14,835.00","14,827.50","14,847.50","14,800.00",0.17K,0.24%
27/06/2022,"14,800.00","14,810.00","14,820.00","14,787.50",0.11K,-0.30%
24/06/2022,"14,845.00","14,844.00","14,852.50","14,827.50",0.16K,0.07%
23/06/2022,"14,835.00","14,840.00","14,847.50","14,812.50",0.17K,-0.20%
22/06/2022,"14,865.00","14,820.00","14,873.50","14,814.00",0.19K,0.37%
21/06/2022,"14,810.00","14,820.00","14,832.50","14,767.50",0.21K,-0.13%
20/06/2022,"14,830.00","14,840.00","14,851.50","14,815.00",0.15K,0.06%
17/06/2022,"14,821.00","14,835.00","14,841.50","14,727.50",0.21K,0.38%
16/06/2022,"14,765.00","14,727.50","14,770.00","14,705.00",0.17K,0.17%
15/06/2022,"14,740.00","14,707.50","14,759.00","14,697.50",0.22K,0.31%
14/06/2022,"14,695.00","14,740.00","14,771.00","14,685.00",0.20K,0.12%
13/06/2022,"14,678.00","14,660.00","14,686.50","14,642.50",0.17K,0.88%
10/6/2022,"14,550.00","14,580.00","14,587.50","14,544.00",0.15K,-0.07%
9/6/2022,"14,560.00","14,512.50","14,568.50","14,512.50",0.16K,0.48%
8/6/2022,"14,490.00","14,465.00","14,497.50","14,456.50",0.12K,0.25%
7/6/2022,"14,454.00","14,462.50","14,472.50","14,454.50",0.18K,0.03%
6/6/2022,"14,450.00","14,455.00","14,470.00","14,449.00",0.16K,0.10%
3/6/2022,"14,435.00","14,435.00","14,452.50","14,420.00",0.11K,-0.31%
2/6/2022,"14,480.00","14,572.50","14,585.00","14,478.50",0.16K,-0.69%
31/05/2022,"14,580.00","14,569.00","14,602.00","14,555.00",0.18K,0.16%
30/05/2022,"14,557.00","14,532.50","14,558.50","14,520.00",0.13K,-0.12%
27/05/2022,"14,575.00","14,605.00","14,607.50","14,557.50",0.13K,-0.38%
25/05/2022,"14,630.00","14,645.00","14,663.50","14,627.50",0.16K,-0.17%
24/05/2022,"14,655.00","14,662.50","14,670.00","14,642.00",0.15K,-0.10%
23/05/2022,"14,670.00","14,645.00","14,677.50","14,637.50",0.11K,0.14%
20/05/2022,"14,650.00","14,625.00","14,677.50","14,624.50",0.13K,-0.54%
19/05/2022,"14,730.00","14,671.50","14,738.00","14,671.50",0.14K,0.31%
18/05/2022,"14,685.00","14,640.00","14,692.50","14,640.00",0.15K,0.27%
17/05/2022,"14,645.00","14,617.50","14,669.00","14,615.00",0.18K,0.24%
13/05/2022,"14,610.00","14,610.00","14,627.50","14,594.50",0.12K,0.10%
12/5/2022,"14,595.00","14,540.00","14,602.50","14,537.50",0.12K,0.27%
11/5/2022,"14,555.00","14,530.00","14,561.00","14,524.00",0.09K,0.00%
10/5/2022,"14,555.00","14,565.00","14,570.00","14,531.00",0.11K,0.00%
9/5/2022,"14,555.00","14,510.00","14,562.50","14,502.50",0.11K,0.41%
28/04/2022,"14,495.00","14,450.00","14,502.50","14,442.50",0.16K,0.52%
27/04/2022,"14,420.00","14,420.00","14,435.00","14,404.50",0.11K,0.07%
26/04/2022,"14,410.00","14,447.50","14,450.00","14,393.00",0.12K,-0.31%
25/04/2022,"14,455.00","14,460.00","14,477.50","14,422.50",0.17K,0.69%
22/04/2022,"14,356.00","14,360.00","14,367.50","14,352.50",0.16K,0.09%
21/04/2022,"14,343.00","14,347.50","14,355.50","14,339.00",0.14K,-0.08%
20/04/2022,"14,355.00","14,355.00","14,365.00","14,342.50",0.14K,0.14%
19/04/2022,"14,335.00","14,357.50","14,360.00","14,328.00",0.14K,-0.13%
18/04/2022,"14,353.00","14,366.50","14,366.50","14,349.50",0.08K,0.07%
14/04/2022,"14,343.00","14,356.50","14,360.00","14,342.00",0.11K,-0.13%
13/04/2022,"14,362.00","14,355.00","14,370.00","14,353.50",0.10K,0.01%
12/4/2022,"14,360.00","14,365.00","14,367.50","14,357.50",0.11K,-0.03%
11/4/2022,"14,365.00","14,375.00","14,380.00","14,362.50",0.10K,0.03%
8/4/2022,"14,360.00","14,375.00","14,386.00","14,355.00",0.12K,0.01%
7/4/2022,"14,358.00","14,362.50","14,368.50","14,351.00",0.12K,0.02%
6/4/2022,"14,355.00","14,365.00","14,376.50","14,353.00",0.12K,0.07%
5/4/2022,"14,345.00","14,340.00","14,353.50","14,337.50",0.11K,-0.06%
4/4/2022,"14,353.00","14,365.00","14,372.50","14,351.00",0.08K,-0.08%
1/4/2022,"14,365.00","14,360.00","14,370.00","14,352.50",0.07K,-0.02%
31/03/2022,"14,368.00","14,340.00","14,369.00","14,334.50",0.09K,0.20%
30/03/2022,"14,340.00","14,340.00","14,358.50","14,332.50",0.08K,-0.16%
29/03/2022,"14,363.00","14,367.50","14,371.00","14,352.50",0.12K,0.01%
28/03/2022,"14,362.00","14,345.00","14,366.50","14,344.00",0.09K,0.15%
25/03/2022,"14,340.00","14,340.00","14,347.50","14,332.50",0.10K,-0.03%
24/03/2022,"14,344.00","14,380.00","14,380.00","14,348.50",0.12K,-0.01%
23/03/2022,"14,345.00","14,337.50","14,361.50","14,334.50",0.10K,-0.08%
22/03/2022,"14,356.00","14,350.00","14,371.00","14,346.50",0.10K,0.13%
21/03/2022,"14,338.00","14,345.00","14,347.50","14,330.50",0.13K,-0.01%
18/03/2022,"14,340.00","14,312.50","14,347.50","14,312.50",0.09K,0.28%
17/03/2022,"14,300.00","14,290.00","14,305.00","14,260.00",0.08K,-0.07%
16/03/2022,"14,310.00","14,300.00","14,322.50","14,292.50",0.10K,-0.10%
15/03/2022,"14,325.00","14,342.50","14,347.50","14,295.00",0.17K,-0.03%
14/03/2022,"14,330.00","14,312.50","14,342.50","14,307.50",0.11K,0.21%
11/3/2022,"14,300.00","14,290.00","14,317.50","14,281.00",0.12K,0.18%
10/3/2022,"14,275.00","14,295.00","14,320.00","14,260.00",0.12K,-0.49%
9/3/2022,"14,345.00","14,350.00","14,386.00","14,344.00",0.12K,-0.35%
8/3/2022,"14,395.00","14,392.50","14,405.00","14,382.00",0.11K,-0.07%
7/3/2022,"14,405.00","14,415.00","14,420.00","14,401.00",0.12K,0.14%
4/3/2022,"14,385.00","14,385.00","14,395.00","14,371.50",0.09K,0.00%
2/3/2022,"14,385.00","14,357.50","14,390.00","14,337.00",0.12K,0.35%
1/3/2022,"14,335.00","14,355.00","14,370.00","14,333.50",0.11K,-0.21%
25/02/2022,"14,365.00","14,377.50","14,382.50","14,359.00",0.12K,-0.10%
24/02/2022,"14,380.00","14,357.50","14,390.00","14,332.50",0.13K,0.31%
23/02/2022,"14,335.00","14,350.00","14,365.00","14,337.50",0.13K,-0.18%
22/02/2022,"14,361.00","14,345.00","14,372.50","14,332.00",0.20K,0.25%
21/02/2022,"14,325.00","14,360.00","14,360.00","14,316.00",0.13K,0.00%
18/02/2022,"14,325.00","14,327.50","14,355.00","14,318.50",0.17K,0.07%
17/02/2022,"14,315.00","14,252.50","14,325.00","14,250.00",0.22K,0.42%
16/02/2022,"14,255.00","14,277.50","14,297.50","14,249.00",0.17K,-0.31%
15/02/2022,"14,300.00","14,315.00","14,315.00","14,271.50",0.13K,-0.17%
14/02/2022,"14,325.00","14,350.00","14,355.00","14,321.00",0.10K,-0.17%
11/2/2022,"14,350.00","14,347.50","14,367.50","14,346.50",0.15K,0.07%
10/2/2022,"14,340.00","14,350.00","14,352.00","14,330.00",0.08K,-0.10%
9/2/2022,"14,355.00","14,375.00","14,380.00","14,357.50",0.08K,-0.24%
8/2/2022,"14,390.00","14,387.50","14,396.00","14,375.00",0.10K,-0.03%
7/2/2022,"14,395.00","14,387.50","14,409.00","14,377.50",0.07K,0.12%
4/2/2022,"14,378.00","14,375.00","14,381.50","14,365.00",0.08K,0.02%
3/2/2022,"14,375.00","14,365.00","14,390.00","14,357.50",0.11K,0.14%
2/2/2022,"14,355.00","14,315.00","14,362.50","14,315.00",0.18K,-0.17%
31/01/2022,"14,380.00","14,405.00","14,412.50","14,365.00",0.12K,-0.03%
28/01/2022,"14,385.00","14,375.00","14,395.00","14,357.50",0.17K,0.00%
27/01/2022,"14,385.00","14,380.00","14,395.00","14,363.50",0.13K,0.24%
26/01/2022,"14,350.00","14,317.50","14,357.50","14,317.50",0.12K,0.00%
25/01/2022,"14,350.00","14,350.00","14,363.50","14,345.50",0.16K,0.07%
24/01/2022,"14,340.00","14,315.00","14,353.00","14,304.50",0.12K,0.03%
21/01/2022,"14,335.00","14,355.00","14,362.50","14,335.00",0.16K,0.00%
20/01/2022,"14,335.00","14,335.00","14,365.00","14,330.00",0.17K,-0.17%
19/01/2022,"14,360.00","14,357.50","14,377.50","14,334.50",0.15K,0.17%
18/01/2022,"14,335.00","14,306.50","14,346.00","14,299.00",0.18K,0.14%
17/01/2022,"14,315.00","14,312.50","14,330.00","14,296.50",0.11K,0.14%
14/01/2022,"14,295.00","14,305.00","14,319.50","14,293.00",0.15K,0.03%
13/01/2022,"14,290.00","14,315.00","14,322.00","14,292.00",0.20K,-0.17%
12/1/2022,"14,315.00","14,295.00","14,322.50","14,284.00",0.24K,0.10%
11/1/2022,"14,300.00","14,302.50","14,315.00","14,272.50",0.21K,-0.03%
10/1/2022,"14,305.00","14,312.50","14,342.50","14,296.00",0.19K,-0.35%
7/1/2022,"14,355.00","14,375.00","14,377.50","14,352.50",0.12K,-0.24%
6/1/2022,"14,390.00","14,394.00","14,404.00","14,377.00",0.16K,0.24%
5/1/2022,"14,355.00","14,347.50","14,371.50","14,335.00",0.17K,0.38%
4/1/2022,"14,300.00","14,287.50","14,327.50","14,270.00",0.14K,0.25%
3/1/2022,"14,264.00","14,255.00","14,276.50","14,249.00",0.11K,0.10%
31/12/2021,"14,250.00","14,280.00","14,287.50","14,240.00",0.09K,-0.11%
30/12/2021,"14,265.00","14,242.50","14,280.00","14,237.50",0.11K,0.11%
29/12/2021,"14,250.00","14,240.00","14,276.50","14,235.00",0.17K,0.18%
28/12/2021,"14,225.00","14,225.00","14,244.50","14,220.00",0.13K,0.00%
27/12/2021,"14,225.00","14,225.00","14,241.50","14,207.50",0.14K,0.04%
24/12/2021,"14,220.00","14,185.00","14,242.50","14,180.00",0.10K,-0.19%
23/12/2021,"14,247.00","14,220.00","14,260.00","14,217.50",0.09K,-0.27%
22/12/2021,"14,285.00","14,280.00","14,293.50","14,235.00",0.14K,-0.20%
21/12/2021,"14,313.00","14,387.50","14,392.50","14,305.00",0.11K,-0.43%
20/12/2021,"14,375.00","14,387.50","14,392.50","14,367.50",0.11K,0.07%
17/12/2021,"14,365.00","14,365.00","14,391.50","14,360.00",0.12K,0.17%
16/12/2021,"14,340.00","14,335.00","14,367.50","14,315.00",0.13K,0.07%
15/12/2021,"14,330.00","14,337.50","14,345.00","14,329.00",0.10K,0.00%
14/12/2021,"14,330.00","14,340.00","14,353.50","14,330.00",0.09K,-0.07%
13/12/2021,"14,340.00","14,357.50","14,366.50","14,327.50",0.10K,-0.21%
10/12/2021,"14,370.00","14,380.00","14,390.00","14,367.00",0.13K,0.14%
9/12/2021,"14,350.00","14,320.00","14,372.50","14,310.00",0.15K,-0.03%
8/12/2021,"14,355.00","14,350.00","14,362.50","14,335.00",0.14K,-0.14%
7/12/2021,"14,375.00","14,417.50","14,432.50","14,377.50",0.16K,-0.42%
6/12/2021,"14,435.00","14,440.00","14,449.00","14,417.50",0.15K,0.28%
3/12/2021,"14,395.00","14,405.00","14,412.50","14,392.50",0.10K,0.14%
2/12/2021,"14,375.00","14,350.00","14,382.50","14,350.00",0.12K,0.24%
1/12/2021,"14,340.00","14,344.00","14,362.50","14,334.50",0.15K,0.14%
30/11/2021,"14,320.00","14,315.00","14,347.50","14,292.50",0.17K,0.00%
29/11/2021,"14,320.00","14,370.00","14,375.00","14,312.50",0.09K,0.14%
26/11/2021,"14,300.00","14,275.00","14,345.00","14,275.00",0.10K,0.25%
25/11/2021,"14,265.00","14,262.50","14,290.00","14,262.50",0.15K,0.07%
24/11/2021,"14,255.00","14,275.00","14,281.00","14,257.50",0.10K,0.00%
23/11/2021,"14,255.00","14,257.50","14,277.50","14,255.00",0.16K,0.07%
22/11/2021,"14,245.00","14,245.00","14,265.00","14,245.00",0.09K,0.07%
19/11/2021,"14,235.00","14,210.00","14,242.50","14,210.00",0.07K,0.07%
18/11/2021,"14,225.00","14,245.00","14,247.50","14,223.00",0.14K,-0.11%
17/11/2021,"14,240.00","14,245.00","14,272.50","14,237.50",0.16K,0.14%
16/11/2021,"14,220.00","14,200.00","14,226.00","14,195.00",0.12K,0.07%
15/11/2021,"14,210.00","14,215.00","14,220.00","14,187.50",0.10K,-0.16%
12/11/2021,"14,233.00","14,265.00","14,271.50","14,232.50",0.13K,-0.19%
11/11/2021,"14,260.00","14,295.00","14,310.00","14,262.50",0.12K,0.07%
10/11/2021,"14,250.00","14,255.00","14,265.00","14,241.00",0.12K,0.07%
9/11/2021,"14,240.00","14,237.50","14,247.50","14,220.00",0.14K,-0.11%
8/11/2021,"14,255.00","14,325.00","14,332.50","14,254.00",0.12K,-0.49%
5/11/2021,"14,325.00","14,360.00","14,392.50","14,325.00",0.13K,-0.07%
4/11/2021,"14,335.00","14,312.50","14,350.00","14,299.50",0.12K,0.28%
3/11/2021,"14,295.00","14,272.50","14,315.00","14,262.50",0.12K,0.32%
2/11/2021,"14,250.00","14,260.00","14,271.00","14,245.00",0.12K,0.04%
1/11/2021,"14,245.00","14,185.00","14,261.50","14,185.00",0.13K,0.56%
29/10/2021,"14,165.00","14,167.50","14,177.50","14,157.00",0.13K,-0.04%
28/10/2021,"14,170.00","14,190.00","14,215.00","14,172.50",0.13K,0.00%
27/10/2021,"14,170.00","14,160.00","14,193.50","14,154.50",0.13K,0.14%
26/10/2021,"14,150.00","14,155.00","14,172.50","14,142.50",0.13K,-0.04%
25/10/2021,"14,155.00","14,165.00","14,190.00","14,157.50",0.14K,0.25%
22/10/2021,"14,120.00","14,140.00","14,169.00","14,122.50",0.14K,0.00%
21/10/2021,"14,120.00","14,100.00","14,152.50","14,092.50",0.13K,0.33%
19/10/2021,"14,073.00","14,067.50","14,092.50","14,059.50",0.15K,-0.23%
18/10/2021,"14,105.00","14,060.00","14,115.00","14,040.00",0.10K,0.25%
15/10/2021,"14,070.00","14,085.00","14,097.50","14,062.00",0.18K,-0.32%
14/10/2021,"14,115.00","14,197.50","14,202.50","14,092.50",0.24K,-0.70%
13/10/2021,"14,215.00","14,220.00","14,229.00","14,210.00",0.15K,0.00%
12/10/2021,"14,215.00","14,215.00","14,225.00","14,203.00",0.14K,0.07%
11/10/2021,"14,205.00","14,215.00","14,223.00","14,201.50",0.14K,-0.11%
8/10/2021,"14,220.00","14,210.00","14,237.50","14,197.50",0.12K,0.04%
7/10/2021,"14,215.00","14,250.00","14,257.50","14,212.00",0.13K,-0.25%
6/10/2021,"14,250.00","14,240.00","14,260.00","14,228.00",0.11K,0.01%
5/10/2021,"14,248.00","14,270.00","14,275.00","14,245.50",0.21K,-0.12%
4/10/2021,"14,265.00","14,307.50","14,336.50","14,258.00",0.13K,-0.28%
1/10/2021,"14,305.00","14,310.00","14,330.00","14,305.00",0.14K,-0.03%
30/09/2021,"14,310.00","14,317.50","14,332.50","14,305.50",0.13K,0.14%
29/09/2021,"14,290.00","14,295.00","14,330.00","14,292.50",0.12K,0.14%
28/09/2021,"14,270.00","14,265.00","14,287.50","14,253.50",0.16K,0.14%
27/09/2021,"14,250.00","14,260.00","14,270.00","14,247.50",0.12K,-0.04%
24/09/2021,"14,255.00","14,245.00","14,266.50","14,228.50",0.13K,0.11%
23/09/2021,"14,240.00","14,250.00","14,265.00","14,236.00",0.18K,0.00%
22/09/2021,"14,240.00","14,245.00","14,256.00","14,236.00",0.13K,0.04%
21/09/2021,"14,235.00","14,255.00","14,260.00","14,235.50",0.14K,-0.04%
20/09/2021,"14,240.00","14,270.00","14,287.50","14,237.50",0.12K,0.11%
17/09/2021,"14,225.00","14,275.00","14,282.50","14,195.00",0.15K,-0.18%
16/09/2021,"14,250.00","14,230.00","14,261.50","14,217.50",0.12K,0.07%
15/09/2021,"14,240.00","14,257.50","14,267.50","14,235.00",0.20K,-0.04%
14/09/2021,"14,245.00","14,257.50","14,267.50","14,241.50",0.17K,-0.04%
13/09/2021,"14,250.00","14,245.00","14,270.00","14,220.00",0.16K,0.35%
10/9/2021,"14,200.00","14,275.00","14,275.00","14,195.50",0.20K,-0.35%
9/9/2021,"14,250.00","14,280.00","14,283.50","14,252.50",0.20K,0.00%
8/9/2021,"14,250.00","14,240.00","14,277.50","14,232.50",0.19K,0.28%
7/9/2021,"14,210.00","14,220.00","14,220.00","14,176.50",0.17K,-0.07%
6/9/2021,"14,220.00","14,247.50","14,260.00","14,210.00",0.16K,-0.28%
3/9/2021,"14,260.00","14,270.00","14,270.00","14,252.50",0.15K,-0.07%
2/9/2021,"14,270.00","14,265.00","14,290.00","14,260.00",0.18K,-0.07%
1/9/2021,"14,280.00","14,265.00","14,305.00","14,255.00",0.21K,0.11%
31/08/2021,"14,265.00","14,345.00","14,350.50","14,260.00",0.23K,-0.72%
30/08/2021,"14,368.00","14,405.00","14,410.00","14,359.50",0.19K,-0.33%
27/08/2021,"14,415.00","14,425.00","14,447.50","14,412.50",0.15K,0.00%
26/08/2021,"14,415.00","14,425.00","14,433.50","14,408.50",0.26K,0.14%
25/08/2021,"14,395.00","14,405.00","14,421.00","14,387.50",0.15K,0.03%
24/08/2021,"14,390.00","14,395.00","14,407.50","14,377.50",0.19K,-0.14%
23/08/2021,"14,410.00","14,435.00","14,438.50","14,404.00",0.18K,-0.28%
20/08/2021,"14,450.00","14,475.00","14,485.00","14,422.50",0.23K,0.35%
19/08/2021,"14,400.00","14,405.00","14,425.00","14,392.50",0.16K,0.21%
18/08/2021,"14,370.00","14,387.50","14,400.00","14,372.50",0.18K,0.00%
16/08/2021,"14,370.00","14,390.00","14,395.00","14,371.50",0.17K,-0.10%
13/08/2021,"14,385.00","14,382.50","14,395.00","14,366.00",0.08K,0.03%
12/8/2021,"14,380.00","14,395.00","14,407.50","14,366.00",0.18K,0.00%
10/8/2021,"14,380.00","14,375.00","14,402.00","14,375.00",0.17K,0.14%
9/8/2021,"14,360.00","14,370.00","14,387.50","14,357.50",0.10K,0.07%
6/8/2021,"14,350.00","14,360.00","14,377.50","14,347.50",0.17K,0.07%
5/8/2021,"14,340.00","14,330.00","14,360.00","14,321.00",0.14K,0.21%
4/8/2021,"14,310.00","14,325.00","14,347.50","14,304.50",0.20K,-0.21%
3/8/2021,"14,340.00","14,375.00","14,388.00","14,338.50",0.26K,-0.55%
2/8/2021,"14,420.00","14,465.00","14,472.50","14,422.50",0.17K,-0.28%
30/07/2021,"14,460.00","14,435.00","14,477.50","14,434.50",0.13K,-0.14%
29/07/2021,"14,480.00","14,490.00","14,502.50","14,482.50",0.16K,-0.03%
28/07/2021,"14,485.00","14,500.00","14,512.50","14,485.00",0.16K,-0.03%
27/07/2021,"14,490.00","14,473.50","14,497.50","14,465.00",0.14K,0.07%
26/07/2021,"14,480.00","14,510.00","14,522.50","14,470.00",0.17K,-0.07%
23/07/2021,"14,490.00","14,500.00","14,512.50","14,488.50",0.11K,0.07%
22/07/2021,"14,480.00","14,500.00","14,518.00","14,482.50",0.10K,-0.41%
21/07/2021,"14,540.00","14,530.00","14,560.00","14,530.00",0.13K,0.17%
19/07/2021,"14,515.00","14,512.50","14,537.50","14,505.00",0.14K,0.14%
16/07/2021,"14,495.00","14,515.00","14,542.50","14,490.00",0.10K,0.10%
15/07/2021,"14,480.00","14,480.00","14,512.50","14,472.50",0.14K,0.03%
14/07/2021,"14,475.00","14,485.00","14,502.50","14,477.50",0.18K,0.09%
13/07/2021,"14,462.00","14,505.00","14,515.00","14,459.00",0.13K,-0.19%
12/7/2021,"14,490.00","14,485.00","14,502.50","14,471.50",0.10K,-0.24%
9/7/2021,"14,525.00","14,535.00","14,559.50","14,525.00",0.11K,0.03%
8/7/2021,"14,520.00","14,495.00","14,557.50","14,492.50",0.13K,0.28%
7/7/2021,"14,480.00","14,485.00","14,512.50","14,472.50",0.10K,0.10%
6/7/2021,"14,465.00","14,475.00","14,485.00","14,456.00",0.11K,-0.08%
5/7/2021,"14,476.00","14,487.50","14,510.00","14,470.00",0.10K,-0.37%
2/7/2021,"14,530.00","14,515.00","14,572.50","14,515.00",0.11K,0.21%
1/7/2021,"14,500.00","14,510.00","14,555.00","14,500.00",0.12K,0.03%
30/06/2021,"14,495.00","14,500.00","14,560.00","14,497.50",0.17K,0.10%
29/06/2021,"14,480.00","14,455.00","14,494.00","14,455.00",0.09K,0.28%
28/06/2021,"14,440.00","14,415.00","14,475.00","14,415.00",0.15K,0.14%
25/06/2021,"14,420.00","14,420.00","14,450.00","14,415.00",0.08K,-0.10%
24/06/2021,"14,435.00","14,440.00","14,466.00","14,432.50",0.10K,0.03%
23/06/2021,"14,430.00","14,440.00","14,467.50","14,415.00",0.08K,0.21%
22/06/2021,"14,400.00","14,420.00","14,437.50","14,397.50",0.21K,-0.17%
21/06/2021,"14,425.00","14,390.00","14,460.00","14,390.00",0.12K,0.38%
18/06/2021,"14,370.00","14,375.00","14,402.50","14,370.00",0.12K,0.14%
17/06/2021,"14,350.00","14,300.00","14,385.00","14,295.00",0.25K,0.81%
16/06/2021,"14,235.00","14,235.00","14,267.50","14,235.00",0.19K,0.11%
15/06/2021,"14,220.00","14,210.00","14,247.50","14,210.00",0.18K,0.14%
14/06/2021,"14,200.00","14,200.00","14,232.50","14,197.50",0.15K,0.08%
11/6/2021,"14,188.00","14,222.50","14,242.50","14,183.00",0.24K,-0.40%
10/6/2021,"14,245.00","14,260.00","14,265.00","14,222.50",0.14K,-0.04%
9/6/2021,"14,250.00","14,265.00","14,274.00","14,245.00",0.17K,0.00%
8/6/2021,"14,250.00","14,265.00","14,272.50","14,250.00",0.10K,-0.07%
7/6/2021,"14,260.00","14,275.00","14,288.00","14,247.50",0.17K,-0.21%
4/6/2021,"14,290.00","14,295.00","14,325.00","14,295.00",0.12K,0.07%
3/6/2021,"14,280.00","14,275.00","14,312.50","14,265.00",0.14K,0.04%
2/6/2021,"14,275.00","14,265.00","14,292.50","14,247.50",0.17K,0.00%
31/05/2021,"14,275.00","14,295.00","14,312.00","14,280.00",0.16K,-0.04%
28/05/2021,"14,280.00","14,305.00","14,322.50","14,285.00",0.15K,-0.04%
27/05/2021,"14,285.00","14,320.00","14,336.50","14,278.50",0.20K,-0.28%
25/05/2021,"14,325.00","14,325.00","14,345.00","14,315.00",0.23K,-0.17%
24/05/2021,"14,350.00","14,350.00","14,367.50","14,340.00",0.11K,0.00%
21/05/2021,"14,350.00","14,340.00","14,392.50","14,340.00",0.25K,-0.14%
20/05/2021,"14,370.00","14,310.00","14,405.00","14,310.00",0.23K,0.67%
19/05/2021,"14,275.00","14,295.00","14,324.00","14,280.00",0.16K,0.04%
18/05/2021,"14,270.00","14,300.00","14,316.00","14,270.00",0.22K,-0.07%
17/05/2021,"14,280.00","14,250.00","14,300.00","14,215.00",0.17K,0.60%
11/5/2021,"14,195.00","14,200.00","14,215.00","14,187.00",0.16K,0.00%
10/5/2021,"14,195.00","14,145.00","14,212.50","14,140.00",0.16K,-0.60%
7/5/2021,"14,280.00","14,272.50","14,312.50","14,247.00",0.16K,-0.24%
6/5/2021,"14,315.00","14,415.00","14,425.00","14,313.00",0.24K,-0.80%
5/5/2021,"14,430.00","14,440.00","14,450.00","14,426.00",0.15K,0.03%
4/5/2021,"14,425.00","14,460.00","14,465.00","14,412.50",0.16K,-0.14%
3/5/2021,"14,445.00","14,450.00","14,480.00","14,447.50",0.11K,0.03%
30/04/2021,"14,440.00","14,430.00","14,507.50","14,424.50",0.12K,-0.03%
29/04/2021,"14,445.00","14,430.00","14,475.00","14,425.00",0.13K,-0.34%
28/04/2021,"14,495.00","14,490.00","14,525.00","14,487.50",0.13K,0.10%
27/04/2021,"14,480.00","14,490.00","14,508.50","14,477.00",0.18K,0.00%
26/04/2021,"14,480.00","14,515.00","14,515.00","14,475.00",0.14K,-0.28%
23/04/2021,"14,520.00","14,525.00","14,560.00","14,520.00",0.11K,0.03%
22/04/2021,"14,515.00","14,515.00","14,539.00","14,510.00",0.10K,-0.07%
21/04/2021,"14,525.00","14,525.00","14,551.00","14,510.00",0.09K,0.21%
20/04/2021,"14,495.00","14,515.00","14,535.00","14,482.50",0.16K,-0.34%
19/04/2021,"14,545.00","14,537.50","14,570.00","14,525.00",0.07K,-0.10%
16/04/2021,"14,560.00","14,620.00","14,630.00","14,550.00",0.12K,-0.27%
15/04/2021,"14,600.00","14,610.00","14,634.00","14,600.00",0.09K,0.00%
14/04/2021,"14,600.00","14,622.50","14,622.50","14,592.50",0.08K,0.00%
13/04/2021,"14,600.00","14,610.00","14,627.50","14,595.00",0.12K,0.07%
12/4/2021,"14,590.00","14,575.00","14,630.00","14,575.00",0.09K,0.21%
9/4/2021,"14,560.00","14,550.00","14,587.50","14,540.00",0.10K,0.21%
8/4/2021,"14,530.00","14,510.00","14,578.50","14,510.00",0.09K,0.28%
7/4/2021,"14,490.00","14,470.00","14,517.50","14,470.00",0.05K,-0.07%
6/4/2021,"14,500.00","14,490.00","14,525.00","14,490.00",0.09K,-0.07%
5/4/2021,"14,510.00","14,520.00","14,535.00","14,510.00",0.05K,-0.07%
1/4/2021,"14,520.00","14,530.00","14,594.50","14,525.00",0.08K,0.00%
31/03/2021,"14,520.00","14,480.00","14,582.00","14,480.00",0.11K,0.35%
30/03/2021,"14,470.00","14,450.00","14,502.50","14,450.00",0.09K,0.21%
29/03/2021,"14,440.00","14,420.00","14,455.00","14,420.00",0.07K,0.21%
26/03/2021,"14,410.00","14,445.00","14,458.00","14,417.50",0.13K,-0.07%
25/03/2021,"14,420.00","14,435.00","14,465.00","14,425.00",0.10K,0.00%
24/03/2021,"14,420.00","14,422.50","14,460.00","14,410.00",0.07K,0.21%
23/03/2021,"14,390.00","14,400.00","14,425.00","14,390.00",0.08K,-0.07%
22/03/2021,"14,400.00","14,415.00","14,452.50","14,397.00",0.11K,0.00%
19/03/2021,"14,400.00","14,410.00","14,475.00","14,400.00",0.14K,0.07%
18/03/2021,"14,390.00","14,385.00","14,415.00","14,375.00",0.09K,-0.24%
17/03/2021,"14,425.00","14,430.00","14,465.00","14,415.00",0.10K,0.17%
16/03/2021,"14,400.00","14,402.50","14,422.50","14,395.00",0.08K,0.03%
15/03/2021,"14,395.00","14,400.00","14,422.50","14,390.00",0.07K,0.10%
12/3/2021,"14,380.00","14,355.00","14,396.00","14,325.00",0.10K,-0.10%
10/3/2021,"14,395.00","14,390.00","14,425.00","14,390.00",0.05K,0.03%
9/3/2021,"14,390.00","14,415.00","14,475.00","14,395.00",0.10K,0.28%
8/3/2021,"14,350.00","14,350.00","14,382.50","14,335.00",0.08K,0.42%
5/3/2021,"14,290.00","14,315.00","14,360.00","14,280.00",0.09K,0.21%
4/3/2021,"14,260.00","14,265.00","14,305.00","14,250.00",0.12K,0.14%
3/3/2021,"14,240.00","14,325.00","14,330.50","14,240.00",0.14K,-0.42%
2/3/2021,"14,300.00","14,275.00","14,330.00","14,265.00",0.07K,0.35%
1/3/2021,"14,250.00","14,250.00","14,307.50","14,240.00",0.10K,0.07%
26/02/2021,"14,240.00","14,105.00","14,275.00","14,105.00",0.19K,1.14%
25/02/2021,"14,080.00","14,085.00","14,110.00","14,079.50",0.10K,0.00%
24/02/2021,"14,080.00","14,072.50","14,092.50","14,065.00",0.13K,-0.07%
23/02/2021,"14,090.00","14,110.00","14,130.00","14,092.50",0.11K,-0.14%
22/02/2021,"14,110.00","14,070.00","14,130.00","14,070.00",0.07K,0.36%
19/02/2021,"14,060.00","14,050.00","14,100.50","14,050.00",0.11K,0.36%
18/02/2021,"14,010.00","14,020.00","14,061.00","14,020.00",0.08K,0.00%
17/02/2021,"14,010.00","13,955.00","14,046.00","13,955.00",0.08K,0.65%
16/02/2021,"13,920.00","13,895.00","13,937.50","13,866.00",0.10K,0.07%
15/02/2021,"13,910.00","13,972.50","13,972.50","13,896.50",0.09K,-0.43%
11/2/2021,"13,970.00","13,985.00","14,002.00","13,965.00",0.07K,-0.07%
10/2/2021,"13,980.00","14,000.00","14,000.00","13,972.00",0.12K,-0.07%
9/2/2021,"13,990.00","14,007.50","14,011.00","13,988.50",0.07K,-0.04%
8/2/2021,"13,995.00","14,020.00","14,023.50","13,987.50",0.08K,-0.18%
5/2/2021,"14,020.00","14,020.00","14,057.50","14,020.00",0.07K,0.07%
4/2/2021,"14,010.00","14,007.50","14,040.00","14,002.50",0.06K,0.07%
3/2/2021,"14,000.00","14,015.00","14,020.00","13,992.50",0.08K,-0.14%
2/2/2021,"14,020.00","14,035.00","14,049.00","14,020.00",0.06K,0.07%
1/2/2021,"14,010.00","14,035.00","14,052.50","14,015.00",0.11K,-0.07%
29/01/2021,"14,020.00","14,072.50","14,085.00","14,030.00",0.04K,-0.21%
28/01/2021,"14,050.00","14,065.00","14,126.50","14,055.00",0.05K,0.11%
27/01/2021,"14,035.00","14,050.00","14,082.00","14,042.50",0.05K,-0.04%
26/01/2021,"14,040.00","14,045.00","14,098.50","14,045.00",0.03K,0.21%
25/01/2021,"14,010.00","14,055.00","14,083.00","14,020.00",0.05K,-0.07%
22/01/2021,"14,020.00","13,995.00","14,063.50","13,995.00",0.05K,0.29%
21/01/2021,"13,980.00","14,022.50","14,035.00","13,995.00",0.05K,-0.29%
20/01/2021,"14,020.00","14,065.00","14,067.50","14,030.00",0.06K,-0.21%
19/01/2021,"14,050.00","14,080.00","14,099.50","14,055.00",0.05K,-0.07%
18/01/2021,"14,060.00","14,025.00","14,105.00","14,025.00",0.07K,0.36%
15/01/2021,"14,010.00","14,040.00","14,062.50","14,012.50",0.05K,-0.28%
14/01/2021,"14,050.00","14,075.00","14,109.00","14,055.00",0.04K,-0.04%
13/01/2021,"14,055.00","14,090.00","14,117.50","14,057.50",0.07K,-0.46%
12/1/2021,"14,120.00","14,120.00","14,217.50","14,115.00",0.11K,0.28%
11/1/2021,"14,080.00","14,020.00","14,165.00","14,020.00",0.06K,0.72%
8/1/2021,"13,980.00","13,915.00","14,061.50","13,915.00",0.06K,0.65%
7/1/2021,"13,890.00","13,900.00","13,945.00","13,900.00",0.03K,0.07%
6/1/2021,"13,880.00","13,920.00","13,930.00","13,895.00",0.04K,-0.14%
5/1/2021,"13,900.00","13,900.00","13,932.50","13,900.00",0.03K,0.11%
4/1/2021,"13,885.00","13,910.00","13,940.00","13,862.50",0.07K,-2.31%
1/1/2021,"14,213.70","14,213.50","14,214.20","13,919.00",,1.24%
